Year,Month,Notes,AircraftLanding,AircraftTake-ff,AircraftTotal,PassengerArrival,PassengerDeparture,PassengerTotal,FreightUnloadedTonnes,FreightLoadedTonnes,FreightTotalTon
1998,Jan,, 7 032  , 7 029  , 14 061  ,1 029 744  ,1 200 708  ,2 230 452  , 61 132 , 64 242 , 125 375 
1998,Feb,, 6 078  , 6 074  , 12 152  ,1 091 947  , 913 061  ,2 005 008  , 62 001 , 51 141 , 113 142 
1998,Mar,, 6 584  , 6 585  , 13 169  ,1 070 547  ,1 099 234  ,2 169 781  , 75 231 , 79 156 , 154 386 
1998,Apr,, 6 704  , 6 701  , 13 405  ,1 184 956  ,1 151 549  ,2 336 505  , 69 404 , 70 065 , 139 469 
1998,May,, 6 786  , 6 784  , 13 570  ,1 051 369  ,1 077 758  ,2 129 127  , 72 498 , 70 479 , 142 977 
1998,Jun,, 6 546  , 6 549  , 13 095  ,1 085 690  ,1 085 479  ,2 171 169  , 69 156 , 68 917 , 138 073 
1998,Jul,*, 6 944  , 6 947  , 13 891  ,1 203 855  ,1 238 250  ,2 442 105  , 45 968 , 49 252 , 95 221 
1998,Aug,, 7 195  , 7 194  , 14 389  ,1 334 642  ,1 269 286  ,2 603 928  , 56 173 , 64 362 , 120 534 
1998,Sep,, 6 826  , 6 828  , 13 654  ,1 021 237  ,1 097 754  ,2 118 991  , 61 249 , 78 228 , 139 477 
1998,Oct,, 7 127  , 7 112  , 14 239  ,1 246 202  ,1 173 786  ,2 419 988  , 66 381 , 88 081 , 154 462 
1998,Nov,, 6 737  , 6 741  , 13 478  ,1 095 185  ,1 062 187  ,2 157 372  , 66 855 , 90 629 , 157 485 
1998,Dec,, 7 057  , 7 063  , 14 120  ,1 219 615  ,1 204 751  ,2 424 366  , 68 496 , 79 644 , 148 141 
1999,Jan,, 6 803  , 6 809  , 13 612  ,1 072 733  ,1 080 788  ,2 153 521  , 62 389 , 71 177 , 133 566 
1999,Feb,, 6 619  , 6 615  , 13 234  ,1 165 738  ,1 177 213  ,2 342 951  , 56 367 , 60 932 , 117 299 
1999,Mar,, 6 904  , 6 919  , 13 823  ,1 141 608  ,1 158 939  ,2 300 547  , 70 664 , 86 221 , 156 884 
1999,Apr,, 6 994  , 6 995  , 13 989  ,1 266 402  ,1 222 643  ,2 489 045  , 67 720 , 88 335 , 156 054 
1999,May,, 6 960  , 6 935  , 13 895  ,1 156 803  ,1 163 977  ,2 320 780  , 71 316 , 87 789 , 159 105 
1999,Jun,, 6 626  , 6 651  , 13 277  ,1 110 030  ,1 135 203  ,2 245 233  , 66 394 , 85 257 , 151 651 
1999,Jul,, 7 144  , 7 145  , 14 289  ,1 330 977  ,1 369 445  ,2 700 422  , 70 096 , 95 223 , 165 319 
1999,Aug,, 7 174  , 7 169  , 14 343  ,1 408 157  ,1 339 286  ,2 747 443  , 65 910 , 96 744 , 162 654 
1999,Sep,, 6 803  , 6 805  , 13 608  ,1 113 918  ,1 153 682  ,2 267 600  , 69 492 , 104 617 , 174 108 
1999,Oct,, 7 266  , 7 264  , 14 530  ,1 316 375  ,1 277 962  ,2 594 337  , 80 596 , 119 429 , 200 025 
1999,Nov,, 7 078  , 7 081  , 14 159  ,1 235 095  ,1 217 614  ,2 452 709  , 77 657 , 125 220 , 202 877 
1999,Dec,, 7 315  , 7 295  , 14 610  ,1 234 434  ,1 213 548  ,2 447 982  , 82 560 , 112 188 , 194 749 
2000,Jan,, 6 908  , 6 926  , 13 834  ,1 125 875  ,1 166 816  ,2 292 691  , 71 559 , 90 464 , 162 022 
2000,Feb,, 7 010  , 7 014  , 14 024  ,1 305 123  ,1 233 741  ,2 538 864  , 61 923 , 74 265 , 136 187 
2000,Mar,, 7 306  , 7 306  , 14 612  ,1 252 303  ,1 260 248  ,2 512 551  , 80 416 , 114 821 , 195 237 
2000,Apr,, 7 445  , 7 445  , 14 890  ,1 433 209  ,1 445 557  ,2 878 766  , 79 007 , 107 336 , 186 342 
2000,May,, 7 531  , 7 538  , 15 069  ,1 330 375  ,1 322 463  ,2 652 838  , 77 890 , 103 515 , 181 405 
2000,Jun,, 7 318  , 7 321  , 14 639  ,1 310 638  ,1 320 560  ,2 631 198  , 79 055 , 101 523 , 180 578 
2000,Jul,, 7 758  , 7 737  , 15 495  ,1 450 450  ,1 484 304  ,2 934 754  , 81 179 , 107 739 , 188 918 
2000,Aug,, 7 928  , 7 938  , 15 866  ,1 525 680  ,1 452 082  ,2 977 762  , 79 036 , 109 116 , 188 152 
2000,Sep,, 7 761  , 7 765  , 15 526  ,1 315 969  ,1 376 089  ,2 692 058  , 85 060 , 117 433 , 202 494 
2000,Oct,, 8 116  , 8 087  , 16 203  ,1 429 783  ,1 379 342  ,2 809 125  , 84 840 , 125 315 , 210 155 
2000,Nov,, 7 803  , 7 816  , 15 619  ,1 274 250  ,1 247 394  ,2 521 644  , 85 296 , 129 237 , 214 533 
2000,Dec,, 8 065  , 8 076  , 16 141  ,1 358 410  ,1 330 051  ,2 688 461  , 87 253 , 107 309 , 194 562 
2001,Jan,, 8 228  , 8 229  , 16 457  ,1 331 381  ,1 419 393  ,2 750 774  , 65 479 , 77 491 , 142 970 
2001,Feb,, 7 091  , 7 098  , 14 189  ,1 175 217  ,1 090 521  ,2 265 738  , 70 601 , 80 263 , 150 864 
2001,Mar,, 8 170  , 8 169  , 16 339  ,1 416 898  ,1 416 302  ,2 833 200  , 81 772 , 106 799 , 188 571 
2001,Apr,, 8 327  , 8 322  , 16 649  ,1 425 368  ,1 473 037  ,2 898 405  , 74 299 , 90 546 , 164 845 
2001,May,, 8 410  , 8 402  , 16 812  ,1 356 892  ,1 323 266  ,2 680 158  , 73 159 , 85 913 , 159 071 
2001,Jun,, 8 227  , 8 233  , 16 460  ,1 358 268  ,1 393 481  ,2 751 749  , 75 419 , 88 867 , 164 286 
2001,Jul,, 8 379  , 8 368  , 16 747  ,1 389 017  ,1 408 658  ,2 797 675  , 72 311 , 89 937 , 162 248 
2001,Aug,, 8 602  , 8 607  , 17 209  ,1 540 111  ,1 487 073  ,3 027 184  , 70 463 , 97 253 , 167 716 
2001,Sep,, 8 295  , 8 290  , 16 585  ,1 218 047  ,1 290 859  ,2 508 906  , 77 194 , 105 242 , 182 436 
2001,Oct,, 8 475  , 8 474  , 16 949  ,1 289 195  ,1 207 694  ,2 496 889  , 76 396 , 122 144 , 198 540 
2001,Nov,, 7 932  , 7 929  , 15 861  ,1 168 502  ,1 152 605  ,2 321 107  , 77 284 , 126 505 , 203 789 
2001,Dec,, 8 279  , 8 281  , 16 560  ,1 358 784  ,1 336 375  ,2 695 159  , 79 558 , 109 438 , 188 996 
2002,Jan,, 7 921  , 7 925  , 15 846  ,1 216 709  ,1 216 682  ,2 433 391  , 71 385 , 95 303 , 166 688 
2002,Feb,, 7 687  , 7 682  , 15 369  ,1 328 364  ,1 309 146  ,2 637 510  , 67 339 , 81 702 , 149 040 
2002,Mar,, 8 340  , 8 348  , 16 688  ,1 384 018  ,1 485 728  ,2 869 746  , 86 461 , 125 499 , 211 960 
2002,Apr,, 8 375  , 8 369  , 16 744  ,1 475 597  ,1 392 442  ,2 868 039  , 81 233 , 115 705 , 196 938 
2002,May,, 8 509  , 8 512  , 17 021  ,1 374 134  ,1 368 024  ,2 742 158  , 84 516 , 113 675 , 198 192 
2002,Jun,, 8 308  , 8 302  , 16 610  ,1 290 681  ,1 313 620  ,2 604 301  , 86 755 , 118 435 , 205 190 
2002,Jul,, 8 803  , 8 814  , 17 617  ,1 466 811  ,1 485 923  ,2 952 734  , 84 937 , 123 822 , 208 759 
2002,Aug,, 9 162  , 9 161  , 18 323  ,1 588 865  ,1 522 140  ,3 111 005  , 83 356 , 124 275 , 207 631 
2002,Sep,, 8 795  , 8 798  , 17 593  ,1 322 969  ,1 364 733  ,2 687 702  , 85 333 , 132 405 , 217 738 
2002,Oct,, 9 361  , 9 346  , 18 707  ,1 505 215  ,1 446 619  ,2 951 834  , 90 907 , 158 398 , 249 305 
2002,Nov,, 8 997  , 8 999  , 17 996  ,1 354 986  ,1 331 352  ,2 686 338  , 91 908 , 160 401 , 252 310 
2002,Dec,, 9 097  , 9 090  , 18 187  ,1 463 903  ,1 442 911  ,2 906 814  , 89 428 , 125 639 , 215 067 
2003,Jan,, 9 073  , 9 073  , 18 146  ,1 301 159  ,1 443 118  ,2 744 277  , 80 704 , 117 405 , 198 108 
2003,Feb,, 8 314  , 8 317  , 16 631  ,1 401 770  ,1 229 888  ,2 631 658  , 72 053 , 87 920 , 159 973 
2003,Mar,, 9 049  , 9 059  , 18 108  ,1 200 309  ,1 253 754  ,2 454 063  , 92 566 , 143 878 , 236 444 
2003,Apr,, 6 069  , 6 064  , 12 133  , 419 307  , 473 589  , 892 896  , 80 963 , 122 253 , 203 216 
2003,May,, 4 316  , 4 313  , 8 629  , 276 938  , 279 129  , 556 067  , 81 695 , 119 034 , 200 730 
2003,Jun,, 4 755  , 4 752  , 9 507  , 565 475  , 567 385  ,1 132 860  , 82 458 , 118 915 , 201 373 
2003,Jul,, 7 093  , 7 095  , 14 188  ,1 203 133  ,1 198 583  ,2 401 716  , 84 335 , 126 918 , 211 253 
2003,Aug,, 8 463  , 8 460  , 16 923  ,1 509 449  ,1 430 921  ,2 940 370  , 85 054 , 134 104 , 219 158 
2003,Sep,, 8 477  , 8 479  , 16 956  ,1 282 265  ,1 309 868  ,2 592 133  , 89 408 , 145 534 , 234 942 
2003,Oct,, 9 374  , 9 370  , 18 744  ,1 432 563  ,1 375 288  ,2 807 851  , 93 022 , 167 957 , 260 979 
2003,Nov,, 9 272  , 9 275  , 18 547  ,1 355 812  ,1 326 757  ,2 682 569  , 95 410 , 172 388 , 267 798 
2003,Dec,, 9 493  , 9 502  , 18 995  ,1 471 072  ,1 444 762  ,2 915 834  , 97 529 , 150 598 , 248 128 
2004,Jan,, 9 656  , 9 650  , 19 306  ,1 462 011  ,1 502 530  ,2 964 541  , 80 533 , 116 498 , 197 032 
2004,Feb,, 8 605  , 8 597  , 17 202  ,1 212 443  ,1 133 189  ,2 345 632  , 90 381 , 132 537 , 222 918 
2004,Mar,, 9 582  , 9 589  , 19 171  ,1 389 324  ,1 369 687  ,2 759 011  , 100 376 , 169 473 , 269 849 
2004,Apr,, 9 842  , 9 842  , 19 684  ,1 538 619  ,1 500 544  ,3 039 163  , 94 557 , 153 836 , 248 393 
2004,May,, 9 763  , 9 763  , 19 526  ,1 375 639  ,1 379 485  ,2 755 124  , 98 580 , 147 313 , 245 894 
2004,Jun,, 9 629  , 9 625  , 19 254  ,1 513 929  ,1 495 996  ,3 009 925  , 98 863 , 149 670 , 248 533 
2004,Jul,, 10 203  , 10 200  , 20 403  ,1 678 414  ,1 677 102  ,3 355 516  , 100 383 , 156 743 , 257 126 
2004,Aug,, 10 282  , 10 278  , 20 560  ,1 749 152  ,1 676 775  ,3 425 927  , 92 807 , 161 679 , 254 485 
2004,Sep,, 10 024  , 10 034  , 20 058  ,1 453 376  ,1 527 031  ,2 980 407  , 101 489 , 175 726 , 277 215 
2004,Oct,, 10 555  , 10 543  , 21 098  ,1 702 428  ,1 594 733  ,3 297 161  , 103 077 , 190 806 , 293 883 
2004,Nov,, 10 104  , 10 106  , 20 210  ,1 561 870  ,1 534 137  ,3 096 007  , 98 732 , 196 427 , 295 159 
2004,Dec,, 10 417  , 10 419  , 20 836  ,1 645 946  ,1 612 282  ,3 258 228  , 104 957 , 174 467 , 279 425 
2005,Jan,, 10 173  , 10 168  , 20 341  ,1 467 450  ,1 471 398  ,2 938 848  , 93 084 , 154 030 , 247 115 
2005,Feb,, 9 563  , 9 569  , 19 132  ,1 536 135  ,1 491 777  ,3 027 912  , 82 848 , 121 763 , 204 611 
2005,Mar,, 10 663  , 10 656  , 21 319  ,1 600 054  ,1 647 708  ,3 247 762  , 105 221 , 185 691 , 290 913 
2005,Apr,, 10 658  , 10 664  , 21 322  ,1 655 053  ,1 611 318  ,3 266 371  , 103 219 , 182 117 , 285 336 
2005,May,, 10 832  , 10 830  , 21 662  ,1 623 554  ,1 624 951  ,3 248 505  , 102 490 , 168 390 , 270 880 
2005,Jun,, 10 670  , 10 664  , 21 334  ,1 611 684  ,1 607 484  ,3 219 168  , 104 865 , 175 059 , 279 924 
2005,Jul,, 11 369  , 11 368  , 22 737  ,1 837 625  ,1 856 694  ,3 694 319  , 107 584 , 182 618 , 290 201 
2005,Aug,, 11 497  , 11 484  , 22 981  ,1 866 146  ,1 793 787  ,3 659 933  , 102 913 , 179 431 , 282 344 
2005,Sep,, 11 310  , 11 329  , 22 639  ,1 603 116  ,1 626 113  ,3 229 229  , 109 513 , 193 985 , 303 498 
2005,Oct,, 11 830  , 11 817  , 23 647  ,1 775 323  ,1 716 958  ,3 492 281  , 110 050 , 208 110 , 318 160 
2005,Nov,, 11 454  , 11 460  , 22 914  ,1 652 645  ,1 634 383  ,3 287 028  , 107 843 , 211 245 , 319 088 
2005,Dec,, 11 740  , 11 736  , 23 476  ,1 761 982  ,1 726 257  ,3 488 239  , 116 336 , 193 844 , 310 181 
2006,Jan,, 11 559  , 11 552  , 23 111  ,1 613 628  ,1 782 586  ,3 396 214  , 98 036 , 171 240 , 269 275 
2006,Feb,, 10 327  , 10 336  , 20 663  ,1 692 003  ,1 490 459  ,3 182 462  , 93 641 , 130 543 , 224 184 
2006,Mar,, 11 798  , 11 783  , 23 581  ,1 736 965  ,1 706 518  ,3 443 483  , 113 324 , 207 062 , 320 386 
2006,Apr,, 11 766  , 11 770  , 23 536  ,1 858 407  ,1 860 444  ,3 718 851  , 106 566 , 188 412 , 294 978 
2006,May,, 11 627  , 11 628  , 23 255  ,1 731 123  ,1 726 936  ,3 458 059  , 105 954 , 177 630 , 283 584 
2006,Jun,, 11 442  , 11 445  , 22 887  ,1 782 229  ,1 752 060  ,3 534 289  , 107 976 , 181 798 , 289 774 
2006,Jul,, 11 967  , 11 968  , 23 935  ,1 985 718  ,2 022 168  ,4 007 886  , 109 369 , 183 936 , 293 305 
2006,Aug,, 11 865  , 11 867  , 23 732  ,2 029 039  ,1 958 882  ,3 987 921  , 104 689 , 188 487 , 293 176 
2006,Sep,, 11 658  , 11 641  , 23 299  ,1 685 220  ,1 750 234  ,3 435 454  , 114 225 , 206 903 , 321 129 
2006,Oct,, 12 201  , 12 204  , 24 405  ,1 917 065  ,1 851 078  ,3 768 143  , 113 091 , 215 110 , 328 201 
2006,Nov,, 11 879  , 11 872  , 23 751  ,1 790 379  ,1 765 254  ,3 555 633  , 115 482 , 227 231 , 342 714 
2006,Dec,, 12 114  , 12 111  , 24 225  ,1 904 972  ,1 880 303  ,3 785 275  , 118 115 , 201 528 , 319 643 
2007,Jan,, 11 773  , 11 776  , 23 549  ,1 686 567  ,1 693 698  ,3 380 265  , 101 067 , 169 711 , 270 778 
2007,Feb,, 11 138  , 11 128  , 22 266  ,1 744 611  ,1 781 873  ,3 526 484  , 90 390 , 144 550 , 234 940 
2007,Mar,, 12 056  , 12 048  , 24 104  ,1 870 849  ,1 835 500  ,3 706 349  , 113 910 , 189 352 , 303 261 
2007,Apr,, 12 212  , 12 219  , 24 431  ,1 962 130  ,1 964 932  ,3 927 062  , 105 276 , 193 026 , 298 302 
2007,May,, 12 371  , 12 370  , 24 741  ,1 849 159  ,1 841 896  ,3 691 055  , 107 984 , 186 240 , 294 224 
2007,Jun,, 12 085  , 12 076  , 24 161  ,1 866 715  ,1 893 134  ,3 759 849  , 113 950 , 190 823 , 304 773 
2007,Jul,, 12 682  , 12 682  , 25 364  ,2 111 548  ,2 139 297  ,4 250 845  , 115 394 , 199 425 , 314 819 
2007,Aug,, 12 776  , 12 778  , 25 554  ,2 171 869  ,2 119 135  ,4 291 004  , 116 614 , 206 857 , 323 471 
2007,Sep,, 12 328  , 12 328  , 24 656  ,1 815 579  ,1 886 211  ,3 701 790  , 121 428 , 221 153 , 342 581 
2007,Oct,, 12 891  , 12 878  , 25 769  ,2 045 663  ,1 967 421  ,4 013 084  , 120 801 , 231 793 , 352 595 
2007,Nov,, 12 567  , 12 566  , 25 133  ,1 973 422  ,1 946 694  ,3 920 116  , 121 881 , 242 186 , 364 067 
2007,Dec,, 12 796  , 12 808  , 25 604  ,2 072 110  ,2 056 550  ,4 128 660  , 123 393 , 214 833 , 338 227 
2008,Jan,, 12 377  , 12 375  , 24 752  ,1 895 369  ,1 954 482  ,3 849 851  , 112 202 , 183 227 , 295 429 
2008,Feb,, 11 869  , 11 852  , 23 721  ,1 914 806  ,1 866 881  ,3 781 687  , 99 485 , 147 009 , 246 494 
2008,Mar,, 12 855  , 12 868  , 25 723  ,2 048 338  ,2 070 194  ,4 118 532  , 120 054 , 214 142 , 334 196 
2008,Apr,, 12 515  , 12 500  , 25 015  ,1 971 341  ,1 971 196  ,3 942 537  , 115 204 , 205 168 , 320 372 
2008,May,, 12 894  , 12 891  , 25 785  ,1 989 197  ,2 018 584  ,4 007 781  , 117 341 , 196 866 , 314 207 
2008,Jun,, 12 405  , 12 402  , 24 807  ,1 971 715  ,1 988 285  ,3 960 000  , 115 362 , 196 501 , 311 863 
2008,Jul,, 12 936  , 12 945  , 25 881  ,2 135 526  ,2 177 098  ,4 312 624  , 116 574 , 200 602 , 317 176 
2008,Aug,, 12 710  , 12 699  , 25 409  ,2 053 668  ,2 002 647  ,4 056 315  , 112 901 , 198 147 , 311 048 
2008,Sep,, 12 256  , 12 275  , 24 531  ,1 740 560  ,1 791 770  ,3 532 330  , 111 934 , 205 648 , 317 582 
2008,Oct,, 12 988  , 12 981  , 25 969  ,2 004 086  ,1 949 857  ,3 953 943  , 110 680 , 209 179 , 319 859 
2008,Nov,, 12 405  , 12 387  , 24 792  ,1 848 194  ,1 855 153  ,3 703 347  , 101 081 , 194 450 , 295 531 
2008,Dec,, 12 367  , 12 386  , 24 753  ,1 960 593  ,1 958 952  ,3 919 545  , 93 722 , 149 771 , 243 493 
2009,Jan,, 12 121  , 12 110  , 24 231  ,1 847 357  ,2 037 214  ,3 884 571  , 79 692 , 130 289 , 209 981 
2009,Feb,, 10 614  , 10 606  , 21 220  ,1 704 849  ,1 548 504  ,3 253 353  , 83 284 , 114 297 , 197 581 
2009,Mar,, 11 888  , 11 898  , 23 786  ,1 895 295  ,1 906 364  ,3 801 659  , 102 162 , 165 759 , 267 921 
2009,Apr,, 12 035  , 12 046  , 24 081  ,2 061 094  ,2 072 120  ,4 133 214  , 100 154 , 156 445 , 256 599 
2009,May,, 11 712  , 11 699  , 23 411  ,1 739 160  ,1 769 457  ,3 508 617  , 102 162 , 156 485 , 258 647 
2009,Jun,, 10 753  , 10 743  , 21 496  ,1 605 696  ,1 614 833  ,3 220 529  , 105 408 , 164 331 , 269 739 
2009,Jul,, 11 641  , 11 659  , 23 300  ,1 944 748  ,1 977 040  ,3 921 788  , 113 673 , 177 918 , 291 591 
2009,Aug,, 11 854  , 11 842  , 23 696  ,2 124 738  ,2 075 480  ,4 200 218  , 113 246 , 182 571 , 295 817 
2009,Sep,, 11 272  , 11 286  , 22 558  ,1 669 139  ,1 763 006  ,3 432 145  , 111 237 , 192 667 , 303 904 
2009,Oct,, 11 964  , 11 948  , 23 912  ,1 950 671  ,1 873 430  ,3 824 101  , 117 084 , 206 038 , 323 122 
2009,Nov,, 11 753  , 11 747  , 23 500  ,1 868 035  ,1 872 810  ,3 740 845  , 114 207 , 229 353 , 343 560 
2009,Dec,, 12 108  , 12 102  , 24 210  ,2 034 469  ,2 040 278  ,4 074 747  , 120 925 , 207 859 , 328 784 
2010,Jan,, 11 724  , 11 723  , 23 447  ,1 906 253  ,1 913 801  ,3 820 054  , 113 334 , 187 245 , 300 579 
2010,Feb,, 11 132  , 11 121  , 22 253  ,1 903 106  ,1 932 304  ,3 835 410  , 100 685 , 156 413 , 257 098 
2010,Mar,, 12 168  , 12 189  , 24 357  ,1 996 482  ,2 056 281  ,4 052 763  , 127 316 , 220 168 , 347 483 
2010,Apr,, 12 348  , 12 352  , 24 700  ,2 066 587  ,2 011 508  ,4 078 095  , 123 328 , 229 516 , 352 843 
2010,May,, 12 685  , 12 686  , 25 371  ,1 989 423  ,2 040 482  ,4 029 905  , 129 287 , 237 029 , 366 316 
2010,Jun,, 12 386  , 12 384  , 24 770  ,2 026 111  ,2 070 870  ,4 096 981  , 125 832 , 221 506 , 347 338 
2010,Jul,, 13 361  , 13 355  , 26 716  ,2 282 784  ,2 343 553  ,4 626 337  , 132 840 , 230 460 , 363 300 
2010,Aug,, 13 566  , 13 563  , 27 129  ,2 318 179  ,2 272 106  ,4 590 285  , 121 192 , 224 959 , 346 151 
2010,Sep,, 13 054  , 13 057  , 26 111  ,1 961 220  ,2 055 165  ,4 016 385  , 120 933 , 225 015 , 345 948 
2010,Oct,, 13 608  , 13 587  , 27 195  ,2 164 533  ,2 098 364  ,4 262 897  , 130 144 , 242 402 , 372 546 
2010,Nov,, 13 366  , 13 385  , 26 751  ,2 009 235  ,2 027 892  ,4 037 127  , 121 034 , 246 154 , 367 188 
2010,Dec,, 13 881  , 13 858  , 27 739  ,2 163 237  ,2 165 676  ,4 328 913  , 133 271 , 228 110 , 361 381 
2011,Jan,, 13 716  , 13 707  , 27 423  ,2 018 970  ,2 188 292  ,4 207 262  , 124 091 , 209 220 , 333 312 
2011,Feb,, 12 159  , 12 146  , 24 305  ,2 019 211  ,1 889 523  ,3 908 734  , 102 254 , 139 649 , 241 903 
2011,Mar,, 14 057  , 14 087  , 28 144  ,2 043 980  ,2 071 634  ,4 115 614  , 133 508 , 235 817 , 369 324 
2011,Apr,, 13 854  , 13 844  , 27 698  ,2 180 834  ,2 238 351  ,4 419 185  , 120 155 , 209 352 , 329 507 
2011,May,, 13 923  , 13 925  , 27 848  ,2 128 754  ,2 138 563  ,4 267 317  , 120 158 , 209 139 , 329 297 
2011,Jun,, 13 557  , 13 539  , 27 096  ,2 155 051  ,2 173 686  ,4 328 737  , 117 860 , 203 075 , 320 935 
2011,Jul,, 14 442  , 14 449  , 28 891  ,2 408 153  ,2 487 279  ,4 895 432  , 124 652 , 215 747 , 340 398 
2011,Aug,, 14 477  , 14 474  , 28 951  ,2 487 664  ,2 410 109  ,4 897 773  , 115 894 , 202 433 , 318 328 
2011,Sep,, 13 862  , 13 856  , 27 718  ,2 069 126  ,2 176 596  ,4 245 722  , 117 293 , 207 705 , 324 998 
2011,Oct,, 14 280  , 14 277  , 28 557  ,2 295 964  ,2 229 015  ,4 524 979  , 119 325 , 222 967 , 342 293 
2011,Nov,, 13 943  , 13 937  , 27 880  ,2 119 774  ,2 137 734  ,4 257 508  , 117 789 , 224 308 , 342 097 
2011,Dec,, 14 649  , 14 646  , 29 295  ,2 334 448  ,2 350 007  ,4 684 455  , 129 272 , 216 362 , 345 634 
2012,Jan,, 14 513  , 14 498  , 29 011  ,2 330 233  ,2 461 330  ,4 791 563  , 103 271 , 172 351 , 275 623 
2012,Feb,, 13 295  , 13 288  , 26 583  ,2 027 056  ,1 967 589  ,3 994 645  , 112 463 , 173 458 , 285 922 
2012,Mar,, 14 799  , 14 806  , 29 605  ,2 232 679  ,2 319 542  ,4 552 221  , 128 758 , 239 507 , 368 265 
2012,Apr,, 14 518  , 14 518  , 29 036  ,2 409 398  ,2 390 691  ,4 800 089  , 114 926 , 212 394 , 327 321 
2012,May,, 14 615  , 14 628  , 29 243  ,2 228 770  ,2 241 565  ,4 470 335  , 119 914 , 213 047 , 332 961 
2012,Jun,, 14 227  , 14 204  , 28 431  ,2 275 492  ,2 321 499  ,4 596 991  , 125 678 , 208 117 , 333 795 
2012,Jul,, 14 940  , 14 939  , 29 879  ,2 448 576  ,2 513 292  ,4 961 868  , 126 376 , 208 328 , 334 704 
2012,Aug,, 15 246  , 15 243  , 30 489  ,2 585 672  ,2 540 398  ,5 126 070  , 119 133 , 208 858 , 327 991 
2012,Sep,, 14 424  , 14 430  , 28 854  ,2 093 402  ,2 241 837  ,4 335 239  , 125 384 , 221 330 , 346 714 
2012,Oct,, 15 029  , 15 011  , 30 040  ,2 393 540  ,2 250 711  ,4 644 251  , 124 197 , 221 699 , 345 896 
2012,Nov,, 14 855  , 14 859  , 29 714  ,2 250 167  ,2 255 939  ,4 506 106  , 126 812 , 247 365 , 374 177 
2012,Dec,, 15 400  , 15 399  , 30 799  ,2 419 130  ,2 457 175  ,4 876 305  , 136 060 , 235 922 , 371 983 
2013,Jan,, 15 145  , 15 147  , 30 292  ,2 242 322  ,2 302 117  ,4 544 439  , 123 542 , 210 766 , 334 308 
2013,Feb,, 13 849  , 13 831  , 27 680  ,2 312 388  ,2 304 793  ,4 617 181  , 100 601 , 149 789 , 250 390 
2013,Mar,, 15 265  , 15 286  , 30 551  ,2 382 897  ,2 563 481  ,4 946 378  , 131 323 , 228 311 , 359 634 
2013,Apr,, 15 294  , 15 258  , 30 552  ,2 479 143  ,2 386 476  ,4 865 619  , 119 433 , 222 129 , 341 562 
2013,May,, 15 517  , 15 541  , 31 058  ,2 318 202  ,2 345 076  ,4 663 278  , 122 550 , 216 241 , 338 791 
2013,Jun,, 15 267  , 15 288  , 30 555  ,2 442 046  ,2 513 188  ,4 955 234  , 122 602 , 213 822 , 336 424 
2013,Jul,, 16 077  , 16 069  , 32 146  ,2 628 771  ,2 725 633  ,5 354 404  , 123 016 , 218 584 , 341 600 
2013,Aug,, 16 211  , 16 204  , 32 415  ,2 815 176  ,2 734 813  ,5 549 989  , 121 430 , 214 957 , 336 387 
2013,Sep,, 15 232  , 15 217  , 30 449  ,2 317 578  ,2 439 360  ,4 756 938  , 123 842 , 222 208 , 346 051 
2013,Oct,, 15 935  , 15 946  , 31 881  ,2 543 301  ,2 432 859  ,4 976 160  , 127 426 , 239 956 , 367 382 
2013,Nov,, 15 832  , 15 823  , 31 655  ,2 413 987  ,2 426 441  ,4 840 428  , 135 400 , 263 784 , 399 184 
2013,Dec,, 16 424  , 16 422  , 32 846  ,2 590 469  ,2 613 010  ,5 203 479  , 137 159 , 238 242 , 375 401 
2014,Jan,, 16 344  , 16 356  , 32 700  ,2 411 670  ,2 679 594  ,5 091 264  , 123 636 , 226 707 , 350 343 
2014,Feb,, 14 385  , 14 377  , 28 762  ,2 484 996  ,2 241 160  ,4 726 156  , 107 118 , 140 039 , 247 157 
2014,Mar,, 16 229  , 16 230  , 32 459  ,2 524 215  ,2 578 786  ,5 103 001  , 143 184 , 253 505 , 396 689 
2014,Apr,, 16 356  , 16 365  , 32 721  ,2 642 678  ,2 696 769  ,5 339 447  , 129 418 , 232 963 , 362 381 
2014,May,, 16 377  , 16 354  , 32 731  ,2 531 077  ,2 567 704  ,5 098 781  , 133 397 , 233 826 , 367 224 
2014,Jun,, 15 888  , 15 883  , 31 771  ,2 561 527  ,2 599 831  ,5 161 358  , 131 152 , 230 342 , 361 494 
2014,Jul,, 16 641  , 16 650  , 33 291  ,2 732 053  ,2 835 877  ,5 567 930  , 134 612 , 235 565 , 370 176 
2014,Aug,, 16 859  , 16 854  , 33 713  ,2 924 815  ,2 829 471  ,5 754 286  , 131 965 , 233 323 , 365 288 
2014,Sep,, 16 011  , 16 005  , 32 016  ,2 419 809  ,2 584 752  ,5 004 561  , 131 557 , 232 311 , 363 868 
2014,Oct,, 16 831  , 16 818  , 33 649  ,2 730 852  ,2 606 393  ,5 337 245  , 135 230 , 248 989 , 384 220 
2014,Nov,, 16 473  , 16 463  , 32 936  ,2 551 592  ,2 558 924  ,5 110 516  , 142 360 , 277 839 , 420 199 
2014,Dec,, 17 126  , 17 133  , 34 259  ,2 793 371  ,2 813 108  ,5 606 479  , 141 466 , 245 844 , 387 310 
2015,Jan,, 16 695  , 16 696  , 33 391  ,2 595 373  ,2 592 581  ,5 187 954  , 134 977 , 220 785 , 355 762 
2015,Feb,, 15 605  , 15 601  , 31 206  ,2 624 177  ,2 772 766  ,5 396 943  , 114 851 , 188 173 , 303 024 
2015,Mar,, 17 161  , 17 152  , 34 313  ,2 853 250  ,2 846 211  ,5 699 461  , 144 926 , 219 156 , 364 082 
2015,Apr,, 16 866  , 16 861  , 33 727  ,2 913 567  ,2 883 805  ,5 797 372  , 128 815 , 231 799 , 360 613 
2015,May,, 17 063  , 17 059  , 34 122  ,2 838 931  ,2 878 212  ,5 717 143  , 133 970 , 231 742 , 365 712 
2015,Jun,, 16 449  , 16 441  , 32 890  ,2 737 213  ,2 794 920  ,5 532 133  , 129 866 , 219 526 , 349 392 
2015,Jul,, 17 092  , 17 106  , 34 198  ,2 885 446  ,3 026 396  ,5 911 842  , 132 397 , 230 470 , 362 866 
2015,Aug,, 17 456  , 17 432  , 34 888  ,3 191 510  ,3 068 192  ,6 259 702  , 128 618 , 232 400 , 361 018 
2015,Sep,, 16 537  , 16 559  , 33 096  ,2 563 951  ,2 745 276  ,5 309 227  , 130 455 , 237 160 , 367 615 
2015,Oct,, 17 421  , 17 394  , 34 815  ,2 950 147  ,2 792 728  ,5 742 875  , 139 437 , 252 695 , 392 133 
2015,Nov,, 16 995  , 16 993  , 33 988  ,2 772 220  ,2 787 098  ,5 559 318  , 135 115 , 271 821 , 406 937 
2015,Dec,, 17 703  , 17 711  , 35 414  ,2 946 625  ,3 010 687  ,5 957 312  , 142 802 , 248 182 , 390 985 
2016,Jan,, 17 617  , 17 604  , 35 221  ,2 905 384  ,2 974 781  ,5 880 165  , 133 850 , 226 988 , 360 838 
2016,Feb,, 16 321  , 16 303  , 32 624  ,2 862 357  ,2 799 093  ,5 661 450  , 105 954 , 151 711 , 257 664 
2016,Mar,, 17 520  , 17 562  , 35 082  ,2 910 911  ,3 064 261  ,5 975 172  , 138 904 , 228 611 , 367 516 
2016,Apr,, 16 854  , 16 838  , 33 692  ,2 969 968  ,2 912 250  ,5 882 218  , 132 074 , 233 492 , 365 565 
2016,May,, 17 204  , 17 179  , 34 383  ,2 879 429  ,2 918 209  ,5 797 638  , 133 551 , 228 713 , 362 264 
2016,Jun ,, 16 871  , 16 910  , 33 781  ,2 881 262  ,2 957 890  ,5 839 152  , 135 950 , 232 022 , 367 972 
2016,Jul ,, 17 605  , 17 606  , 35 211  ,3 068 952  ,3 203 910  ,6 272 862  , 141 101 , 239 052 , 380 154 
2016,Aug,, 17 423  , 17 387  , 34 810  ,3 150 587  ,2 977 909  ,6 128 496  , 133 842 , 240 275 , 374 117 
2016,Sep,, 16 926  , 16 952  , 33 878  ,2 669 072  ,2 792 648  ,5 461 720  , 143 583 , 250 598 , 394 182 
2016,Oct,#, 17 305  , 17 305  , 34 610  ,2 904 000  ,2 797 000  ,5 701 000  , 150 000 , 270 000 , 420 000 
2016,Nov,#, 16 295  , 16 295  , 32 590  ,2 686 000  ,2 686 000  ,5 372 000  , 145 500 , 290 500 , 436 000 
,,,,,,,,,,,
,,,,,,,,,,,
,,,,,,,,,,,
,,,,,,,,,,,
,,,,,,,,,,,
,,,,,,,,,,,
,,,,,,,,,,,
,,,,,,,,,,,
,,,,,,,,,,,
,,,,,,,,,,,
